<?xml version="1.0" encoding="UTF-8"?>
<!-- IMPORTANT: This is an internal file that has been generated
     by the Xilinx ISE software.  Any direct editing or
     changes made to this file may result in unpredictable
     behavior or data corruption.  It is strongly advised that
     users do not edit the contents of this file. -->
<DeviceUsageSummary rev="6">
<DesignStatistics TimeStamp="Sat Aug 08 19:34:11 2009"><group name="NetStatistics">
<item name="NumNets_Active" rev="6">
<attrib name="value" value="12773"/></item>
<item name="NumNets_Gnd" rev="6">
<attrib name="value" value="1"/></item>
<item name="NumNets_Vcc" rev="6">
<attrib name="value" value="1"/></item>
<item name="NumNodesOfType_Active_BRAMADDR" rev="6">
<attrib name="value" value="164"/></item>
<item name="NumNodesOfType_Active_BRAMDUMMY" rev="6">
<attrib name="value" value="572"/></item>
<item name="NumNodesOfType_Active_CLKPIN" rev="6">
<attrib name="value" value="2587"/></item>
<item name="NumNodesOfType_Active_CNTRLPIN" rev="6">
<attrib name="value" value="2884"/></item>
<item name="NumNodesOfType_Active_DOUBLE" rev="6">
<attrib name="value" value="38100"/></item>
<item name="NumNodesOfType_Active_DUMMY" rev="6">
<attrib name="value" value="39555"/></item>
<item name="NumNodesOfType_Active_DUMMYBANK" rev="6">
<attrib name="value" value="227"/></item>
<item name="NumNodesOfType_Active_DUMMYESC" rev="6">
<attrib name="value" value="3"/></item>
<item name="NumNodesOfType_Active_GLOBAL" rev="6">
<attrib name="value" value="461"/></item>
<item name="NumNodesOfType_Active_HFULLHEX" rev="6">
<attrib name="value" value="754"/></item>
<item name="NumNodesOfType_Active_HLONG" rev="6">
<attrib name="value" value="155"/></item>
<item name="NumNodesOfType_Active_HUNIHEX" rev="6">
<attrib name="value" value="5036"/></item>
<item name="NumNodesOfType_Active_INPUT" rev="6">
<attrib name="value" value="42639"/></item>
<item name="NumNodesOfType_Active_IOBOUTPUT" rev="6">
<attrib name="value" value="60"/></item>
<item name="NumNodesOfType_Active_OMUX" rev="6">
<attrib name="value" value="11496"/></item>
<item name="NumNodesOfType_Active_OUTPUT" rev="6">
<attrib name="value" value="12368"/></item>
<item name="NumNodesOfType_Active_PREBXBY" rev="6">
<attrib name="value" value="10551"/></item>
<item name="NumNodesOfType_Active_VFULLHEX" rev="6">
<attrib name="value" value="2575"/></item>
<item name="NumNodesOfType_Active_VLONG" rev="6">
<attrib name="value" value="463"/></item>
<item name="NumNodesOfType_Active_VUNIHEX" rev="6">
<attrib name="value" value="4520"/></item>
<item name="NumNodesOfType_Gnd_BRAMADDR" rev="6">
<attrib name="value" value="14"/></item>
<item name="NumNodesOfType_Gnd_BRAMDUMMY" rev="6">
<attrib name="value" value="184"/></item>
<item name="NumNodesOfType_Gnd_CLKPIN" rev="6">
<attrib name="value" value="2"/></item>
<item name="NumNodesOfType_Gnd_CNTRLPIN" rev="6">
<attrib name="value" value="38"/></item>
<item name="NumNodesOfType_Gnd_DOUBLE" rev="6">
<attrib name="value" value="94"/></item>
<item name="NumNodesOfType_Gnd_DUMMY" rev="6">
<attrib name="value" value="187"/></item>
<item name="NumNodesOfType_Gnd_DUMMYBANK" rev="6">
<attrib name="value" value="20"/></item>
<item name="NumNodesOfType_Gnd_INPUT" rev="6">
<attrib name="value" value="464"/></item>
<item name="NumNodesOfType_Gnd_OMUX" rev="6">
<attrib name="value" value="167"/></item>
<item name="NumNodesOfType_Gnd_OUTPUT" rev="6">
<attrib name="value" value="82"/></item>
<item name="NumNodesOfType_Gnd_PREBXBY" rev="6">
<attrib name="value" value="76"/></item>
<item name="NumNodesOfType_Gnd_VFULLHEX" rev="6">
<attrib name="value" value="8"/></item>
<item name="NumNodesOfType_Gnd_VLONG" rev="6">
<attrib name="value" value="1"/></item>
<item name="NumNodesOfType_Vcc_BRAMADDR" rev="6">
<attrib name="value" value="8"/></item>
<item name="NumNodesOfType_Vcc_CNTRLPIN" rev="6">
<attrib name="value" value="29"/></item>
<item name="NumNodesOfType_Vcc_DUMMY" rev="6">
<attrib name="value" value="1"/></item>
<item name="NumNodesOfType_Vcc_INPUT" rev="6">
<attrib name="value" value="32"/></item>
<item name="NumNodesOfType_Vcc_PREBXBY" rev="6">
<attrib name="value" value="28"/></item>
<item name="NumNodesOfType_Vcc_VCCOUT" rev="6">
<attrib name="value" value="46"/></item>
</group>
<group name="MiscellaneousStatistics">
<item name="AGG_BONDED_IO" rev="5">
<attrib name="value" value="257"/></item>
<item name="AGG_IO" rev="5">
<attrib name="value" value="257"/></item>
<item name="AGG_SLICE" rev="5">
<attrib name="value" value="6495"/></item>
<item name="NUM_4_INPUT_LUT" rev="5">
<attrib name="value" value="11219"/></item>
<item name="NUM_BONDED_IOB" rev="5">
<attrib name="value" value="257"/></item>
<item name="NUM_BSCAN" rev="5">
<attrib name="value" value="1"/></item>
<item name="NUM_BUFGMUX" rev="5">
<attrib name="value" value="2"/></item>
<item name="NUM_CYMUX" rev="5">
<attrib name="value" value="498"/></item>
<item name="NUM_DCM" rev="5">
<attrib name="value" value="2"/></item>
<item name="NUM_IOB_FF" rev="5">
<attrib name="value" value="199"/></item>
<item name="NUM_LUT_RT" rev="5">
<attrib name="value" value="80"/></item>
<item name="NUM_MULT18X18" rev="5">
<attrib name="value" value="4"/></item>
<item name="NUM_MULTAND" rev="5">
<attrib name="value" value="28"/></item>
<item name="NUM_RAMB16" rev="5">
<attrib name="value" value="13"/></item>
<item name="NUM_SHIFT" rev="5">
<attrib name="value" value="47"/></item>
<item name="NUM_SLICEL" rev="5">
<attrib name="value" value="6406"/></item>
<item name="NUM_SLICEM" rev="5">
<attrib name="value" value="89"/></item>
<item name="NUM_SLICE_FF" rev="5">
<attrib name="value" value="2997"/></item>
<item name="NUM_XOR" rev="5">
<attrib name="value" value="352"/></item>
</group>
<group name="SiteStatistics">
<item name="IOB-DIFFM" rev="6">
<attrib name="value" value="118"/></item>
<item name="IOB-DIFFS" rev="6">
<attrib name="value" value="118"/></item>
<item name="SLICEL-SLICEM" rev="6">
<attrib name="value" value="3189"/></item>
</group>
</DesignStatistics>
<DeviceUsage TimeStamp="Sat Aug 08 19:34:11 2009"><group name="SiteSummary">
<item name="BSCAN" rev="6">
<attrib name="total" value="1000000"/><attrib name="used" value="1"/></item>
<item name="BSCAN_BSCAN_BLACKBOX" rev="6">
<attrib name="total" value="1000000"/><attrib name="used" value="1"/></item>
<item name="BUFGMUX" rev="6">
<attrib name="total" value="1000000"/><attrib name="used" value="2"/></item>
<item name="BUFGMUX_GCLKMUX" rev="6">
<attrib name="total" value="1000000"/><attrib name="used" value="2"/></item>
<item name="BUFGMUX_GCLK_BUFFER" rev="6">
<attrib name="total" value="1000000"/><attrib name="used" value="2"/></item>
<item name="DCM" rev="6">
<attrib name="total" value="1000000"/><attrib name="used" value="2"/></item>
<item name="DCM_DCM" rev="6">
<attrib name="total" value="1000000"/><attrib name="used" value="2"/></item>
<item name="IOB" rev="6">
<attrib name="total" value="1000000"/><attrib name="used" value="257"/></item>
<item name="IOB_IFF1" rev="6">
<attrib name="total" value="1000000"/><attrib name="used" value="57"/></item>
<item name="IOB_INBUF" rev="6">
<attrib name="total" value="1000000"/><attrib name="used" value="128"/></item>
<item name="IOB_OFF1" rev="6">
<attrib name="total" value="1000000"/><attrib name="used" value="107"/></item>
<item name="IOB_OUTBUF" rev="6">
<attrib name="total" value="1000000"/><attrib name="used" value="179"/></item>
<item name="IOB_PAD" rev="6">
<attrib name="total" value="1000000"/><attrib name="used" value="257"/></item>
<item name="IOB_TFF1" rev="6">
<attrib name="total" value="1000000"/><attrib name="used" value="35"/></item>
<item name="MULT18X18" rev="6">
<attrib name="total" value="1000000"/><attrib name="used" value="4"/></item>
<item name="MULT18X18_BLACKBOX" rev="6">
<attrib name="total" value="1000000"/><attrib name="used" value="4"/></item>
<item name="RAMB16" rev="6">
<attrib name="total" value="1000000"/><attrib name="used" value="13"/></item>
<item name="RAMB16_RAMB16" rev="6">
<attrib name="total" value="1000000"/><attrib name="used" value="13"/></item>
<item name="RAMB16_RAMB16A" rev="6">
<attrib name="total" value="1000000"/><attrib name="used" value="13"/></item>
<item name="RAMB16_RAMB16B" rev="6">
<attrib name="total" value="1000000"/><attrib name="used" value="7"/></item>
<item name="SLICEL" rev="6">
<attrib name="total" value="1000000"/><attrib name="used" value="6406"/></item>
<item name="SLICEL_C1VDD" rev="6">
<attrib name="total" value="1000000"/><attrib name="used" value="30"/></item>
<item name="SLICEL_C2VDD" rev="6">
<attrib name="total" value="1000000"/><attrib name="used" value="27"/></item>
<item name="SLICEL_CYMUXF" rev="6">
<attrib name="total" value="1000000"/><attrib name="used" value="256"/></item>
<item name="SLICEL_CYMUXG" rev="6">
<attrib name="total" value="1000000"/><attrib name="used" value="242"/></item>
<item name="SLICEL_F" rev="6">
<attrib name="total" value="1000000"/><attrib name="used" value="5460"/></item>
<item name="SLICEL_F5MUX" rev="6">
<attrib name="total" value="1000000"/><attrib name="used" value="915"/></item>
<item name="SLICEL_F6MUX" rev="6">
<attrib name="total" value="1000000"/><attrib name="used" value="40"/></item>
<item name="SLICEL_FAND" rev="6">
<attrib name="total" value="1000000"/><attrib name="used" value="14"/></item>
<item name="SLICEL_FFX" rev="6">
<attrib name="total" value="1000000"/><attrib name="used" value="1684"/></item>
<item name="SLICEL_FFY" rev="6">
<attrib name="total" value="1000000"/><attrib name="used" value="1262"/></item>
<item name="SLICEL_G" rev="6">
<attrib name="total" value="1000000"/><attrib name="used" value="5608"/></item>
<item name="SLICEL_GAND" rev="6">
<attrib name="total" value="1000000"/><attrib name="used" value="14"/></item>
<item name="SLICEL_GNDF" rev="6">
<attrib name="total" value="1000000"/><attrib name="used" value="109"/></item>
<item name="SLICEL_GNDG" rev="6">
<attrib name="total" value="1000000"/><attrib name="used" value="100"/></item>
<item name="SLICEL_XORF" rev="6">
<attrib name="total" value="1000000"/><attrib name="used" value="178"/></item>
<item name="SLICEL_XORG" rev="6">
<attrib name="total" value="1000000"/><attrib name="used" value="174"/></item>
<item name="SLICEM" rev="6">
<attrib name="total" value="1000000"/><attrib name="used" value="89"/></item>
<item name="SLICEM_F" rev="6">
<attrib name="total" value="1000000"/><attrib name="used" value="64"/></item>
<item name="SLICEM_F5MUX" rev="6">
<attrib name="total" value="1000000"/><attrib name="used" value="60"/></item>
<item name="SLICEM_F6MUX" rev="6">
<attrib name="total" value="1000000"/><attrib name="used" value="62"/></item>
<item name="SLICEM_FFX" rev="6">
<attrib name="total" value="1000000"/><attrib name="used" value="24"/></item>
<item name="SLICEM_FFY" rev="6">
<attrib name="total" value="1000000"/><attrib name="used" value="27"/></item>
<item name="SLICEM_G" rev="6">
<attrib name="total" value="1000000"/><attrib name="used" value="87"/></item>
<item name="SLICEM_WSGEN" rev="6">
<attrib name="total" value="1000000"/><attrib name="used" value="27"/></item>
</group>
</DeviceUsage>
<ReportConfigData TimeStamp="Sat Aug 08 19:34:11 2009"><group name="SLICEM_F">
<item name="DI" rev="6">
<attrib name="DI" value="20"/><attrib name="DI_INV" value="0"/></item>
<item name="F_ATTR" rev="6">
<attrib name="SHIFT_REG" value="20"/></item>
<item name="LUT_OR_MEM" rev="6">
<attrib name="LUT" value="44"/><attrib name="RAM" value="20"/></item>
</group>
<group name="SLICEM_G">
<item name="DI" rev="6">
<attrib name="DI" value="27"/><attrib name="DI_INV" value="0"/></item>
<item name="G_ATTR" rev="6">
<attrib name="SHIFT_REG" value="27"/></item>
<item name="LUT_OR_MEM" rev="6">
<attrib name="LUT" value="60"/><attrib name="RAM" value="27"/></item>
</group>
<group name="SLICEL">
<item name="BX" rev="6">
<attrib name="BX_INV" value="5"/><attrib name="BX" value="1305"/></item>
<item name="BY" rev="6">
<attrib name="BY" value="574"/><attrib name="BY_INV" value="133"/></item>
<item name="CE" rev="6">
<attrib name="CE" value="1632"/><attrib name="CE_INV" value="1"/></item>
<item name="CIN" rev="6">
<attrib name="CIN_INV" value="0"/><attrib name="CIN" value="226"/></item>
<item name="CLK" rev="6">
<attrib name="CLK" value="2371"/><attrib name="CLK_INV" value="0"/></item>
<item name="SR" rev="6">
<attrib name="SR" value="534"/><attrib name="SR_INV" value="294"/></item>
</group>
<group name="SLICEM_WSGEN">
<item name="CK" rev="6">
<attrib name="CK" value="27"/><attrib name="CK_INV" value="0"/></item>
<item name="SYNC_ATTR" rev="6">
<attrib name="ASYNC" value="27"/></item>
<item name="WE" rev="6">
<attrib name="WE_INV" value="0"/><attrib name="WE" value="27"/></item>
</group>
<group name="SLICEM">
<item name="BX" rev="6">
<attrib name="BX_INV" value="0"/><attrib name="BX" value="84"/></item>
<item name="BY" rev="6">
<attrib name="BY" value="89"/><attrib name="BY_INV" value="0"/></item>
<item name="CE" rev="6">
<attrib name="CE" value="24"/><attrib name="CE_INV" value="0"/></item>
<item name="CLK" rev="6">
<attrib name="CLK" value="27"/><attrib name="CLK_INV" value="0"/></item>
<item name="SR" rev="6">
<attrib name="SR" value="27"/><attrib name="SR_INV" value="0"/></item>
</group>
<group name="RAMB16">
<item name="CLKA" rev="6">
<attrib name="CLKA_INV" value="0"/><attrib name="CLKA" value="13"/></item>
<item name="CLKB" rev="6">
<attrib name="CLKB_INV" value="0"/><attrib name="CLKB" value="7"/></item>
<item name="ENA" rev="6">
<attrib name="ENA_INV" value="0"/><attrib name="ENA" value="13"/></item>
<item name="ENB" rev="6">
<attrib name="ENB_INV" value="0"/><attrib name="ENB" value="7"/></item>
<item name="SSRA" rev="6">
<attrib name="SSRA_INV" value="0"/><attrib name="SSRA" value="13"/></item>
<item name="SSRB" rev="6">
<attrib name="SSRB_INV" value="0"/><attrib name="SSRB" value="7"/></item>
<item name="WEA" rev="6">
<attrib name="WEA" value="13"/><attrib name="WEA_INV" value="0"/></item>
<item name="WEB" rev="6">
<attrib name="WEB" value="7"/><attrib name="WEB_INV" value="0"/></item>
</group>
<group name="IOB_OFF1">
<item name="CE" rev="6">
<attrib name="CE" value="19"/><attrib name="CE_INV" value="0"/></item>
<item name="CK" rev="6">
<attrib name="CK" value="107"/><attrib name="CK_INV" value="0"/></item>
<item name="D" rev="6">
<attrib name="D" value="106"/><attrib name="D_INV" value="1"/></item>
<item name="LATCH_OR_FF" rev="6">
<attrib name="FF" value="107"/></item>
<item name="OFF1_INIT_ATTR" rev="6">
<attrib name="INIT0" value="45"/><attrib name="INIT1" value="62"/></item>
<item name="OFF1_SR_ATTR" rev="6">
<attrib name="SRLOW" value="18"/><attrib name="SRHIGH" value="62"/></item>
<item name="OFFATTRBOX" rev="6">
<attrib name="ASYNC" value="13"/><attrib name="SYNC" value="67"/></item>
<item name="SR" rev="6">
<attrib name="SR" value="41"/><attrib name="SR_INV" value="39"/></item>
</group>
<group name="IOB_OUTBUF">
<item name="IN" rev="6">
<attrib name="IN_INV" value="2"/><attrib name="IN" value="177"/></item>
<item name="TRI" rev="6">
<attrib name="TRI_INV" value="0"/><attrib name="TRI" value="51"/></item>
</group>
<group name="SLICEL_CYMUXF">
<item name="0" rev="6">
<attrib name="0" value="256"/><attrib name="0_INV" value="0"/></item>
<item name="1" rev="6">
<attrib name="1_INV" value="0"/><attrib name="1" value="256"/></item>
</group>
<group name="SLICEL_CYMUXG">
<item name="0" rev="6">
<attrib name="0" value="242"/><attrib name="0_INV" value="0"/></item>
</group>
<group name="BUFGMUX_GCLKMUX">
<item name="DISABLE_ATTR" rev="6">
<attrib name="LOW" value="2"/></item>
<item name="S" rev="6">
<attrib name="S_INV" value="2"/><attrib name="S" value="0"/></item>
</group>
<group name="IOB_IFF1">
<item name="CK" rev="6">
<attrib name="CK" value="57"/><attrib name="CK_INV" value="0"/></item>
<item name="IFF1_INIT_ATTR" rev="6">
<attrib name="INIT0" value="57"/></item>
<item name="LATCH_OR_FF" rev="6">
<attrib name="FF" value="57"/></item>
</group>
<group name="IOB_TFF1">
<item name="CE" rev="6">
<attrib name="CE" value="19"/><attrib name="CE_INV" value="0"/></item>
<item name="CK" rev="6">
<attrib name="CK" value="35"/><attrib name="CK_INV" value="0"/></item>
<item name="D" rev="6">
<attrib name="D" value="35"/><attrib name="D_INV" value="0"/></item>
<item name="LATCH_OR_FF" rev="6">
<attrib name="FF" value="35"/></item>
<item name="SR" rev="6">
<attrib name="SR" value="0"/><attrib name="SR_INV" value="34"/></item>
<item name="TFF1_INIT_ATTR" rev="6">
<attrib name="INIT0" value="1"/><attrib name="INIT1" value="34"/></item>
<item name="TFF1_SR_ATTR" rev="6">
<attrib name="SRHIGH" value="34"/></item>
<item name="TFFATTRBOX" rev="6">
<attrib name="ASYNC" value="34"/></item>
</group>
<group name="SLICEL_FFX">
<item name="CE" rev="6">
<attrib name="CE" value="1309"/><attrib name="CE_INV" value="1"/></item>
<item name="CK" rev="6">
<attrib name="CK" value="1684"/><attrib name="CK_INV" value="0"/></item>
<item name="D" rev="6">
<attrib name="D" value="1679"/><attrib name="D_INV" value="5"/></item>
<item name="FFX_INIT_ATTR" rev="6">
<attrib name="INIT0" value="1515"/><attrib name="INIT1" value="169"/></item>
<item name="FFX_SR_ATTR" rev="6">
<attrib name="SRLOW" value="1515"/><attrib name="SRHIGH" value="169"/></item>
<item name="LATCH_OR_FF" rev="6">
<attrib name="FF" value="1684"/></item>
<item name="REV" rev="6">
<attrib name="REV_INV" value="0"/><attrib name="REV" value="6"/></item>
<item name="SR" rev="6">
<attrib name="SR" value="121"/><attrib name="SR_INV" value="183"/></item>
<item name="SYNC_ATTR" rev="6">
<attrib name="ASYNC" value="1405"/><attrib name="SYNC" value="279"/></item>
</group>
<group name="SLICEL_XORF">
<item name="1" rev="6">
<attrib name="1_INV" value="0"/><attrib name="1" value="178"/></item>
</group>
<group name="SLICEL_FFY">
<item name="CE" rev="6">
<attrib name="CE" value="787"/><attrib name="CE_INV" value="1"/></item>
<item name="CK" rev="6">
<attrib name="CK" value="1262"/><attrib name="CK_INV" value="0"/></item>
<item name="D" rev="6">
<attrib name="D" value="1129"/><attrib name="D_INV" value="133"/></item>
<item name="FFY_INIT_ATTR" rev="6">
<attrib name="INIT0" value="948"/><attrib name="INIT1" value="314"/></item>
<item name="FFY_SR_ATTR" rev="6">
<attrib name="SRLOW" value="948"/><attrib name="SRHIGH" value="314"/></item>
<item name="LATCH_OR_FF" rev="6">
<attrib name="FF" value="1262"/></item>
<item name="REV" rev="6">
<attrib name="REV_INV" value="0"/><attrib name="REV" value="27"/></item>
<item name="SR" rev="6">
<attrib name="SR" value="428"/><attrib name="SR_INV" value="175"/></item>
<item name="SYNC_ATTR" rev="6">
<attrib name="ASYNC" value="697"/><attrib name="SYNC" value="565"/></item>
</group>
<group name="SLICEM_F6MUX">
<item name="S0" rev="6">
<attrib name="S0" value="62"/><attrib name="S0_INV" value="0"/></item>
</group>
<group name="RAMB16_RAMB16A">
<item name="CLKA" rev="6">
<attrib name="CLKA_INV" value="0"/><attrib name="CLKA" value="13"/></item>
<item name="ENA" rev="6">
<attrib name="ENA_INV" value="0"/><attrib name="ENA" value="13"/></item>
<item name="PORTA_ATTR" rev="6">
<attrib name="512X36" value="7"/><attrib name="1024X18" value="6"/></item>
<item name="SSRA" rev="6">
<attrib name="SSRA_INV" value="0"/><attrib name="SSRA" value="13"/></item>
<item name="WEA" rev="6">
<attrib name="WEA" value="13"/><attrib name="WEA_INV" value="0"/></item>
<item name="WRITEMODEA" rev="6">
<attrib name="WRITE_FIRST" value="13"/></item>
</group>
<group name="SLICEL_F6MUX">
<item name="S0" rev="6">
<attrib name="S0" value="40"/><attrib name="S0_INV" value="0"/></item>
</group>
<group name="RAMB16_RAMB16B">
<item name="CLKB" rev="6">
<attrib name="CLKB_INV" value="0"/><attrib name="CLKB" value="7"/></item>
<item name="ENB" rev="6">
<attrib name="ENB_INV" value="0"/><attrib name="ENB" value="7"/></item>
<item name="PORTB_ATTR" rev="6">
<attrib name="512X36" value="7"/></item>
<item name="SSRB" rev="6">
<attrib name="SSRB_INV" value="0"/><attrib name="SSRB" value="7"/></item>
<item name="WEB" rev="6">
<attrib name="WEB" value="7"/><attrib name="WEB_INV" value="0"/></item>
<item name="WRITEMODEB" rev="6">
<attrib name="WRITE_FIRST" value="7"/></item>
</group>
<group name="SLICEM_FFX">
<item name="CE" rev="6">
<attrib name="CE" value="23"/><attrib name="CE_INV" value="0"/></item>
<item name="CK" rev="6">
<attrib name="CK" value="24"/><attrib name="CK_INV" value="0"/></item>
<item name="D" rev="6">
<attrib name="D" value="24"/><attrib name="D_INV" value="0"/></item>
<item name="FFX_INIT_ATTR" rev="6">
<attrib name="INIT0" value="24"/></item>
<item name="FFX_SR_ATTR" rev="6">
<attrib name="SRLOW" value="24"/></item>
<item name="LATCH_OR_FF" rev="6">
<attrib name="FF" value="24"/></item>
<item name="SYNC_ATTR" rev="6">
<attrib name="ASYNC" value="24"/></item>
</group>
<group name="SLICEM_FFY">
<item name="CE" rev="6">
<attrib name="CE" value="24"/><attrib name="CE_INV" value="0"/></item>
<item name="CK" rev="6">
<attrib name="CK" value="27"/><attrib name="CK_INV" value="0"/></item>
<item name="D" rev="6">
<attrib name="D" value="27"/><attrib name="D_INV" value="0"/></item>
<item name="FFY_INIT_ATTR" rev="6">
<attrib name="INIT0" value="27"/></item>
<item name="FFY_SR_ATTR" rev="6">
<attrib name="SRLOW" value="27"/></item>
<item name="LATCH_OR_FF" rev="6">
<attrib name="FF" value="27"/></item>
<item name="SYNC_ATTR" rev="6">
<attrib name="ASYNC" value="27"/></item>
</group>
<group name="IOB_PAD">
<item name="DRIVEATTRBOX" rev="6">
<attrib name="12" value="178"/><attrib name="24" value="1"/></item>
<item name="IOATTRBOX" rev="6">
<attrib name="LVTTL" value="233"/><attrib name="LVCMOS25" value="24"/></item>
<item name="PULL" rev="6">
<attrib name="PULLUP" value="2"/><attrib name="PULLDOWN" value="2"/></item>
<item name="SLEW" rev="6">
<attrib name="SLOW" value="178"/><attrib name="FAST" value="1"/></item>
</group>
<group name="IOB">
<item name="ICLK1" rev="6">
<attrib name="ICLK1_INV" value="0"/><attrib name="ICLK1" value="57"/></item>
<item name="O1" rev="6">
<attrib name="O1_INV" value="3"/><attrib name="O1" value="176"/></item>
<item name="OCE" rev="6">
<attrib name="OCE" value="19"/><attrib name="OCE_INV" value="0"/></item>
<item name="OTCLK1" rev="6">
<attrib name="OTCLK1_INV" value="0"/><attrib name="OTCLK1" value="108"/></item>
<item name="SR" rev="6">
<attrib name="SR" value="41"/><attrib name="SR_INV" value="55"/></item>
<item name="T1" rev="6">
<attrib name="T1_INV" value="0"/><attrib name="T1" value="51"/></item>
<item name="TCE" rev="6">
<attrib name="TCE_INV" value="0"/><attrib name="TCE" value="19"/></item>
</group>
<group name="DCM_DCM">
<item name="CLKDV_DIVIDE" rev="6">
<attrib name="2" value="2"/></item>
<item name="CLKOUT_PHASE_SHIFT" rev="6">
<attrib name="NONE" value="2"/></item>
<item name="CLK_FEEDBACK" rev="6">
<attrib name="1X" value="1"/><attrib name="2X" value="1"/></item>
<item name="DESKEW_ADJUST" rev="6">
<attrib name="8" value="2"/></item>
<item name="DFS_FREQUENCY_MODE" rev="6">
<attrib name="LOW" value="2"/></item>
<item name="DLL_FREQUENCY_MODE" rev="6">
<attrib name="LOW" value="2"/></item>
<item name="DUTY_CYCLE_CORRECTION" rev="6">
<attrib name="TRUE" value="2"/></item>
<item name="FACTORY_JF1" rev="6">
<attrib name="0XC0" value="2"/></item>
<item name="FACTORY_JF2" rev="6">
<attrib name="0X80" value="2"/></item>
<item name="PSCLK" rev="6">
<attrib name="PSCLK_INV" value="0"/><attrib name="PSCLK" value="2"/></item>
<item name="PSEN" rev="6">
<attrib name="PSEN_INV" value="0"/><attrib name="PSEN" value="2"/></item>
<item name="PSINCDEC" rev="6">
<attrib name="PSINCDEC_INV" value="0"/><attrib name="PSINCDEC" value="2"/></item>
<item name="RST" rev="6">
<attrib name="RST" value="1"/><attrib name="RST_INV" value="1"/></item>
</group>
<group name="BUFGMUX">
<item name="S" rev="6">
<attrib name="S_INV" value="2"/><attrib name="S" value="0"/></item>
</group>
<group name="SLICEM_F5MUX">
<item name="S0" rev="6">
<attrib name="S0" value="60"/><attrib name="S0_INV" value="0"/></item>
</group>
<group name="DCM">
<item name="PSCLK" rev="6">
<attrib name="PSCLK_INV" value="0"/><attrib name="PSCLK" value="2"/></item>
<item name="PSEN" rev="6">
<attrib name="PSEN_INV" value="0"/><attrib name="PSEN" value="2"/></item>
<item name="PSINCDEC" rev="6">
<attrib name="PSINCDEC_INV" value="0"/><attrib name="PSINCDEC" value="2"/></item>
<item name="RST" rev="6">
<attrib name="RST" value="1"/><attrib name="RST_INV" value="1"/></item>
</group>
<group name="SLICEL_F5MUX">
<item name="S0" rev="6">
<attrib name="S0" value="915"/><attrib name="S0_INV" value="0"/></item>
</group>
</ReportConfigData>
<ReportPinData TimeStamp="Sat Aug 08 19:34:11 2009"><group name="SLICEM_F">
<item name="A1" rev="6">
<attrib name="value" value="45"/></item>
<item name="A2" rev="6">
<attrib name="value" value="45"/></item>
<item name="A3" rev="6">
<attrib name="value" value="45"/></item>
<item name="A4" rev="6">
<attrib name="value" value="20"/></item>
<item name="D" rev="6">
<attrib name="value" value="64"/></item>
<item name="DI" rev="6">
<attrib name="value" value="20"/></item>
<item name="WS" rev="6">
<attrib name="value" value="20"/></item>
</group>
<group name="SLICEM_G">
<item name="A1" rev="6">
<attrib name="value" value="70"/></item>
<item name="A2" rev="6">
<attrib name="value" value="70"/></item>
<item name="A3" rev="6">
<attrib name="value" value="70"/></item>
<item name="A4" rev="6">
<attrib name="value" value="27"/></item>
<item name="D" rev="6">
<attrib name="value" value="87"/></item>
<item name="DI" rev="6">
<attrib name="value" value="27"/></item>
<item name="WS" rev="6">
<attrib name="value" value="27"/></item>
</group>
<group name="SLICEL">
<item name="BX" rev="6">
<attrib name="value" value="1310"/></item>
<item name="BY" rev="6">
<attrib name="value" value="707"/></item>
<item name="CE" rev="6">
<attrib name="value" value="1633"/></item>
<item name="CIN" rev="6">
<attrib name="value" value="226"/></item>
<item name="CLK" rev="6">
<attrib name="value" value="2371"/></item>
<item name="COUT" rev="6">
<attrib name="value" value="242"/></item>
<item name="F1" rev="6">
<attrib name="value" value="5425"/></item>
<item name="F2" rev="6">
<attrib name="value" value="5362"/></item>
<item name="F3" rev="6">
<attrib name="value" value="4977"/></item>
<item name="F4" rev="6">
<attrib name="value" value="3704"/></item>
<item name="F5" rev="6">
<attrib name="value" value="58"/></item>
<item name="FX" rev="6">
<attrib name="value" value="31"/></item>
<item name="FXINA" rev="6">
<attrib name="value" value="26"/></item>
<item name="FXINB" rev="6">
<attrib name="value" value="40"/></item>
<item name="G1" rev="6">
<attrib name="value" value="5564"/></item>
<item name="G2" rev="6">
<attrib name="value" value="5507"/></item>
<item name="G3" rev="6">
<attrib name="value" value="4984"/></item>
<item name="G4" rev="6">
<attrib name="value" value="3713"/></item>
<item name="SR" rev="6">
<attrib name="value" value="828"/></item>
<item name="X" rev="6">
<attrib name="value" value="4278"/></item>
<item name="XB" rev="6">
<attrib name="value" value="6"/></item>
<item name="XQ" rev="6">
<attrib name="value" value="1684"/></item>
<item name="Y" rev="6">
<attrib name="value" value="4082"/></item>
<item name="YQ" rev="6">
<attrib name="value" value="1262"/></item>
</group>
<group name="SLICEM_WSGEN">
<item name="CK" rev="6">
<attrib name="value" value="27"/></item>
<item name="WE" rev="6">
<attrib name="value" value="27"/></item>
<item name="WSF" rev="6">
<attrib name="value" value="20"/></item>
<item name="WSG" rev="6">
<attrib name="value" value="27"/></item>
</group>
<group name="SLICEM">
<item name="BX" rev="6">
<attrib name="value" value="84"/></item>
<item name="BY" rev="6">
<attrib name="value" value="89"/></item>
<item name="CE" rev="6">
<attrib name="value" value="24"/></item>
<item name="CLK" rev="6">
<attrib name="value" value="27"/></item>
<item name="F1" rev="6">
<attrib name="value" value="45"/></item>
<item name="F2" rev="6">
<attrib name="value" value="45"/></item>
<item name="F3" rev="6">
<attrib name="value" value="45"/></item>
<item name="F4" rev="6">
<attrib name="value" value="20"/></item>
<item name="F5" rev="6">
<attrib name="value" value="60"/></item>
<item name="FX" rev="6">
<attrib name="value" value="39"/></item>
<item name="FXINA" rev="6">
<attrib name="value" value="60"/></item>
<item name="FXINB" rev="6">
<attrib name="value" value="62"/></item>
<item name="G1" rev="6">
<attrib name="value" value="70"/></item>
<item name="G2" rev="6">
<attrib name="value" value="70"/></item>
<item name="G3" rev="6">
<attrib name="value" value="70"/></item>
<item name="G4" rev="6">
<attrib name="value" value="27"/></item>
<item name="SR" rev="6">
<attrib name="value" value="27"/></item>
<item name="XQ" rev="6">
<attrib name="value" value="24"/></item>
<item name="Y" rev="6">
<attrib name="value" value="23"/></item>
<item name="YQ" rev="6">
<attrib name="value" value="27"/></item>
</group>
<group name="RAMB16">
<item name="ADDRA10" rev="6">
<attrib name="value" value="13"/></item>
<item name="ADDRA11" rev="6">
<attrib name="value" value="13"/></item>
<item name="ADDRA12" rev="6">
<attrib name="value" value="13"/></item>
<item name="ADDRA13" rev="6">
<attrib name="value" value="13"/></item>
<item name="ADDRA4" rev="6">
<attrib name="value" value="6"/></item>
<item name="ADDRA5" rev="6">
<attrib name="value" value="13"/></item>
<item name="ADDRA6" rev="6">
<attrib name="value" value="13"/></item>
<item name="ADDRA7" rev="6">
<attrib name="value" value="13"/></item>
<item name="ADDRA8" rev="6">
<attrib name="value" value="13"/></item>
<item name="ADDRA9" rev="6">
<attrib name="value" value="13"/></item>
<item name="ADDRB10" rev="6">
<attrib name="value" value="7"/></item>
<item name="ADDRB11" rev="6">
<attrib name="value" value="7"/></item>
<item name="ADDRB12" rev="6">
<attrib name="value" value="7"/></item>
<item name="ADDRB13" rev="6">
<attrib name="value" value="7"/></item>
<item name="ADDRB5" rev="6">
<attrib name="value" value="7"/></item>
<item name="ADDRB6" rev="6">
<attrib name="value" value="7"/></item>
<item name="ADDRB7" rev="6">
<attrib name="value" value="7"/></item>
<item name="ADDRB8" rev="6">
<attrib name="value" value="7"/></item>
<item name="ADDRB9" rev="6">
<attrib name="value" value="7"/></item>
<item name="CLKA" rev="6">
<attrib name="value" value="13"/></item>
<item name="CLKB" rev="6">
<attrib name="value" value="7"/></item>
<item name="DIA0" rev="6">
<attrib name="value" value="13"/></item>
<item name="DIA1" rev="6">
<attrib name="value" value="13"/></item>
<item name="DIA10" rev="6">
<attrib name="value" value="13"/></item>
<item name="DIA11" rev="6">
<attrib name="value" value="13"/></item>
<item name="DIA12" rev="6">
<attrib name="value" value="13"/></item>
<item name="DIA13" rev="6">
<attrib name="value" value="13"/></item>
<item name="DIA14" rev="6">
<attrib name="value" value="13"/></item>
<item name="DIA15" rev="6">
<attrib name="value" value="13"/></item>
<item name="DIA16" rev="6">
<attrib name="value" value="7"/></item>
<item name="DIA17" rev="6">
<attrib name="value" value="7"/></item>
<item name="DIA18" rev="6">
<attrib name="value" value="7"/></item>
<item name="DIA19" rev="6">
<attrib name="value" value="7"/></item>
<item name="DIA2" rev="6">
<attrib name="value" value="13"/></item>
<item name="DIA20" rev="6">
<attrib name="value" value="7"/></item>
<item name="DIA21" rev="6">
<attrib name="value" value="7"/></item>
<item name="DIA22" rev="6">
<attrib name="value" value="7"/></item>
<item name="DIA23" rev="6">
<attrib name="value" value="7"/></item>
<item name="DIA24" rev="6">
<attrib name="value" value="7"/></item>
<item name="DIA25" rev="6">
<attrib name="value" value="7"/></item>
<item name="DIA26" rev="6">
<attrib name="value" value="7"/></item>
<item name="DIA27" rev="6">
<attrib name="value" value="7"/></item>
<item name="DIA28" rev="6">
<attrib name="value" value="7"/></item>
<item name="DIA29" rev="6">
<attrib name="value" value="7"/></item>
<item name="DIA3" rev="6">
<attrib name="value" value="13"/></item>
<item name="DIA30" rev="6">
<attrib name="value" value="7"/></item>
<item name="DIA31" rev="6">
<attrib name="value" value="7"/></item>
<item name="DIA4" rev="6">
<attrib name="value" value="13"/></item>
<item name="DIA5" rev="6">
<attrib name="value" value="13"/></item>
<item name="DIA6" rev="6">
<attrib name="value" value="13"/></item>
<item name="DIA7" rev="6">
<attrib name="value" value="13"/></item>
<item name="DIA8" rev="6">
<attrib name="value" value="13"/></item>
<item name="DIA9" rev="6">
<attrib name="value" value="13"/></item>
<item name="DIB0" rev="6">
<attrib name="value" value="7"/></item>
<item name="DIB1" rev="6">
<attrib name="value" value="7"/></item>
<item name="DIB10" rev="6">
<attrib name="value" value="7"/></item>
<item name="DIB11" rev="6">
<attrib name="value" value="7"/></item>
<item name="DIB12" rev="6">
<attrib name="value" value="7"/></item>
<item name="DIB13" rev="6">
<attrib name="value" value="7"/></item>
<item name="DIB14" rev="6">
<attrib name="value" value="7"/></item>
<item name="DIB15" rev="6">
<attrib name="value" value="7"/></item>
<item name="DIB16" rev="6">
<attrib name="value" value="7"/></item>
<item name="DIB17" rev="6">
<attrib name="value" value="7"/></item>
<item name="DIB18" rev="6">
<attrib name="value" value="7"/></item>
<item name="DIB19" rev="6">
<attrib name="value" value="7"/></item>
<item name="DIB2" rev="6">
<attrib name="value" value="7"/></item>
<item name="DIB20" rev="6">
<attrib name="value" value="7"/></item>
<item name="DIB21" rev="6">
<attrib name="value" value="7"/></item>
<item name="DIB22" rev="6">
<attrib name="value" value="7"/></item>
<item name="DIB23" rev="6">
<attrib name="value" value="7"/></item>
<item name="DIB24" rev="6">
<attrib name="value" value="7"/></item>
<item name="DIB25" rev="6">
<attrib name="value" value="7"/></item>
<item name="DIB26" rev="6">
<attrib name="value" value="7"/></item>
<item name="DIB27" rev="6">
<attrib name="value" value="7"/></item>
<item name="DIB28" rev="6">
<attrib name="value" value="7"/></item>
<item name="DIB29" rev="6">
<attrib name="value" value="7"/></item>
<item name="DIB3" rev="6">
<attrib name="value" value="7"/></item>
<item name="DIB30" rev="6">
<attrib name="value" value="7"/></item>
<item name="DIB31" rev="6">
<attrib name="value" value="7"/></item>
<item name="DIB4" rev="6">
<attrib name="value" value="7"/></item>
<item name="DIB5" rev="6">
<attrib name="value" value="7"/></item>
<item name="DIB6" rev="6">
<attrib name="value" value="7"/></item>
<item name="DIB7" rev="6">
<attrib name="value" value="7"/></item>
<item name="DIB8" rev="6">
<attrib name="value" value="7"/></item>
<item name="DIB9" rev="6">
<attrib name="value" value="7"/></item>
<item name="DIPA0" rev="6">
<attrib name="value" value="13"/></item>
<item name="DIPA1" rev="6">
<attrib name="value" value="13"/></item>
<item name="DIPA2" rev="6">
<attrib name="value" value="7"/></item>
<item name="DIPA3" rev="6">
<attrib name="value" value="7"/></item>
<item name="DIPB0" rev="6">
<attrib name="value" value="7"/></item>
<item name="DIPB1" rev="6">
<attrib name="value" value="7"/></item>
<item name="DIPB2" rev="6">
<attrib name="value" value="7"/></item>
<item name="DIPB3" rev="6">
<attrib name="value" value="7"/></item>
<item name="DOA0" rev="6">
<attrib name="value" value="9"/></item>
<item name="DOA1" rev="6">
<attrib name="value" value="9"/></item>
<item name="DOA10" rev="6">
<attrib name="value" value="9"/></item>
<item name="DOA11" rev="6">
<attrib name="value" value="9"/></item>
<item name="DOA12" rev="6">
<attrib name="value" value="9"/></item>
<item name="DOA13" rev="6">
<attrib name="value" value="9"/></item>
<item name="DOA14" rev="6">
<attrib name="value" value="6"/></item>
<item name="DOA15" rev="6">
<attrib name="value" value="6"/></item>
<item name="DOA16" rev="6">
<attrib name="value" value="3"/></item>
<item name="DOA17" rev="6">
<attrib name="value" value="3"/></item>
<item name="DOA18" rev="6">
<attrib name="value" value="3"/></item>
<item name="DOA19" rev="6">
<attrib name="value" value="3"/></item>
<item name="DOA2" rev="6">
<attrib name="value" value="9"/></item>
<item name="DOA20" rev="6">
<attrib name="value" value="3"/></item>
<item name="DOA21" rev="6">
<attrib name="value" value="3"/></item>
<item name="DOA22" rev="6">
<attrib name="value" value="3"/></item>
<item name="DOA23" rev="6">
<attrib name="value" value="3"/></item>
<item name="DOA24" rev="6">
<attrib name="value" value="2"/></item>
<item name="DOA25" rev="6">
<attrib name="value" value="2"/></item>
<item name="DOA26" rev="6">
<attrib name="value" value="2"/></item>
<item name="DOA27" rev="6">
<attrib name="value" value="2"/></item>
<item name="DOA28" rev="6">
<attrib name="value" value="2"/></item>
<item name="DOA29" rev="6">
<attrib name="value" value="2"/></item>
<item name="DOA3" rev="6">
<attrib name="value" value="9"/></item>
<item name="DOA30" rev="6">
<attrib name="value" value="2"/></item>
<item name="DOA31" rev="6">
<attrib name="value" value="2"/></item>
<item name="DOA4" rev="6">
<attrib name="value" value="9"/></item>
<item name="DOA5" rev="6">
<attrib name="value" value="9"/></item>
<item name="DOA6" rev="6">
<attrib name="value" value="9"/></item>
<item name="DOA7" rev="6">
<attrib name="value" value="9"/></item>
<item name="DOA8" rev="6">
<attrib name="value" value="9"/></item>
<item name="DOA9" rev="6">
<attrib name="value" value="9"/></item>
<item name="DOB0" rev="6">
<attrib name="value" value="6"/></item>
<item name="DOB1" rev="6">
<attrib name="value" value="6"/></item>
<item name="DOB10" rev="6">
<attrib name="value" value="7"/></item>
<item name="DOB11" rev="6">
<attrib name="value" value="7"/></item>
<item name="DOB12" rev="6">
<attrib name="value" value="7"/></item>
<item name="DOB13" rev="6">
<attrib name="value" value="7"/></item>
<item name="DOB14" rev="6">
<attrib name="value" value="7"/></item>
<item name="DOB15" rev="6">
<attrib name="value" value="7"/></item>
<item name="DOB16" rev="6">
<attrib name="value" value="7"/></item>
<item name="DOB17" rev="6">
<attrib name="value" value="7"/></item>
<item name="DOB18" rev="6">
<attrib name="value" value="7"/></item>
<item name="DOB19" rev="6">
<attrib name="value" value="7"/></item>
<item name="DOB2" rev="6">
<attrib name="value" value="6"/></item>
<item name="DOB20" rev="6">
<attrib name="value" value="7"/></item>
<item name="DOB21" rev="6">
<attrib name="value" value="7"/></item>
<item name="DOB22" rev="6">
<attrib name="value" value="7"/></item>
<item name="DOB23" rev="6">
<attrib name="value" value="7"/></item>
<item name="DOB24" rev="6">
<attrib name="value" value="6"/></item>
<item name="DOB25" rev="6">
<attrib name="value" value="6"/></item>
<item name="DOB26" rev="6">
<attrib name="value" value="6"/></item>
<item name="DOB27" rev="6">
<attrib name="value" value="6"/></item>
<item name="DOB28" rev="6">
<attrib name="value" value="4"/></item>
<item name="DOB29" rev="6">
<attrib name="value" value="4"/></item>
<item name="DOB3" rev="6">
<attrib name="value" value="6"/></item>
<item name="DOB30" rev="6">
<attrib name="value" value="4"/></item>
<item name="DOB31" rev="6">
<attrib name="value" value="4"/></item>
<item name="DOB4" rev="6">
<attrib name="value" value="7"/></item>
<item name="DOB5" rev="6">
<attrib name="value" value="7"/></item>
<item name="DOB6" rev="6">
<attrib name="value" value="7"/></item>
<item name="DOB7" rev="6">
<attrib name="value" value="7"/></item>
<item name="DOB8" rev="6">
<attrib name="value" value="7"/></item>
<item name="DOB9" rev="6">
<attrib name="value" value="7"/></item>
<item name="DOPA0" rev="6">
<attrib name="value" value="3"/></item>
<item name="DOPA1" rev="6">
<attrib name="value" value="3"/></item>
<item name="ENA" rev="6">
<attrib name="value" value="13"/></item>
<item name="ENB" rev="6">
<attrib name="value" value="7"/></item>
<item name="SSRA" rev="6">
<attrib name="value" value="13"/></item>
<item name="SSRB" rev="6">
<attrib name="value" value="7"/></item>
<item name="WEA" rev="6">
<attrib name="value" value="13"/></item>
<item name="WEB" rev="6">
<attrib name="value" value="7"/></item>
</group>
<group name="IOB_OFF1">
<item name="CE" rev="6">
<attrib name="value" value="19"/></item>
<item name="CK" rev="6">
<attrib name="value" value="107"/></item>
<item name="D" rev="6">
<attrib name="value" value="107"/></item>
<item name="Q" rev="6">
<attrib name="value" value="107"/></item>
<item name="SR" rev="6">
<attrib name="value" value="80"/></item>
</group>
<group name="RAMB16_RAMB16">
<item name="ADDRA" rev="6">
<attrib name="value" value="13"/></item>
<item name="ADDRB" rev="6">
<attrib name="value" value="7"/></item>
<item name="DIA" rev="6">
<attrib name="value" value="13"/></item>
<item name="DIB" rev="6">
<attrib name="value" value="7"/></item>
<item name="DOA" rev="6">
<attrib name="value" value="13"/></item>
<item name="DOB" rev="6">
<attrib name="value" value="7"/></item>
</group>
<group name="IOB_OUTBUF">
<item name="IN" rev="6">
<attrib name="value" value="179"/></item>
<item name="OUT" rev="6">
<attrib name="value" value="179"/></item>
<item name="TRI" rev="6">
<attrib name="value" value="51"/></item>
</group>
<group name="MULT18X18_BLACKBOX">
<item name="A0" rev="6">
<attrib name="value" value="4"/></item>
<item name="A1" rev="6">
<attrib name="value" value="4"/></item>
<item name="A10" rev="6">
<attrib name="value" value="4"/></item>
<item name="A11" rev="6">
<attrib name="value" value="4"/></item>
<item name="A12" rev="6">
<attrib name="value" value="4"/></item>
<item name="A13" rev="6">
<attrib name="value" value="4"/></item>
<item name="A14" rev="6">
<attrib name="value" value="4"/></item>
<item name="A15" rev="6">
<attrib name="value" value="4"/></item>
<item name="A16" rev="6">
<attrib name="value" value="4"/></item>
<item name="A17" rev="6">
<attrib name="value" value="4"/></item>
<item name="A2" rev="6">
<attrib name="value" value="4"/></item>
<item name="A3" rev="6">
<attrib name="value" value="4"/></item>
<item name="A4" rev="6">
<attrib name="value" value="4"/></item>
<item name="A5" rev="6">
<attrib name="value" value="4"/></item>
<item name="A6" rev="6">
<attrib name="value" value="4"/></item>
<item name="A7" rev="6">
<attrib name="value" value="4"/></item>
<item name="A8" rev="6">
<attrib name="value" value="4"/></item>
<item name="A9" rev="6">
<attrib name="value" value="4"/></item>
<item name="B0" rev="6">
<attrib name="value" value="4"/></item>
<item name="B1" rev="6">
<attrib name="value" value="4"/></item>
<item name="B10" rev="6">
<attrib name="value" value="4"/></item>
<item name="B11" rev="6">
<attrib name="value" value="4"/></item>
<item name="B12" rev="6">
<attrib name="value" value="4"/></item>
<item name="B13" rev="6">
<attrib name="value" value="4"/></item>
<item name="B14" rev="6">
<attrib name="value" value="4"/></item>
<item name="B15" rev="6">
<attrib name="value" value="4"/></item>
<item name="B16" rev="6">
<attrib name="value" value="4"/></item>
<item name="B17" rev="6">
<attrib name="value" value="4"/></item>
<item name="B2" rev="6">
<attrib name="value" value="4"/></item>
<item name="B3" rev="6">
<attrib name="value" value="4"/></item>
<item name="B4" rev="6">
<attrib name="value" value="4"/></item>
<item name="B5" rev="6">
<attrib name="value" value="4"/></item>
<item name="B6" rev="6">
<attrib name="value" value="4"/></item>
<item name="B7" rev="6">
<attrib name="value" value="4"/></item>
<item name="B8" rev="6">
<attrib name="value" value="4"/></item>
<item name="B9" rev="6">
<attrib name="value" value="4"/></item>
<item name="P0" rev="6">
<attrib name="value" value="4"/></item>
<item name="P1" rev="6">
<attrib name="value" value="4"/></item>
<item name="P10" rev="6">
<attrib name="value" value="4"/></item>
<item name="P11" rev="6">
<attrib name="value" value="4"/></item>
<item name="P12" rev="6">
<attrib name="value" value="4"/></item>
<item name="P13" rev="6">
<attrib name="value" value="4"/></item>
<item name="P14" rev="6">
<attrib name="value" value="4"/></item>
<item name="P15" rev="6">
<attrib name="value" value="4"/></item>
<item name="P16" rev="6">
<attrib name="value" value="4"/></item>
<item name="P17" rev="6">
<attrib name="value" value="4"/></item>
<item name="P18" rev="6">
<attrib name="value" value="4"/></item>
<item name="P19" rev="6">
<attrib name="value" value="4"/></item>
<item name="P2" rev="6">
<attrib name="value" value="4"/></item>
<item name="P20" rev="6">
<attrib name="value" value="4"/></item>
<item name="P21" rev="6">
<attrib name="value" value="4"/></item>
<item name="P22" rev="6">
<attrib name="value" value="4"/></item>
<item name="P23" rev="6">
<attrib name="value" value="4"/></item>
<item name="P24" rev="6">
<attrib name="value" value="4"/></item>
<item name="P25" rev="6">
<attrib name="value" value="4"/></item>
<item name="P26" rev="6">
<attrib name="value" value="4"/></item>
<item name="P27" rev="6">
<attrib name="value" value="4"/></item>
<item name="P28" rev="6">
<attrib name="value" value="4"/></item>
<item name="P29" rev="6">
<attrib name="value" value="4"/></item>
<item name="P3" rev="6">
<attrib name="value" value="4"/></item>
<item name="P30" rev="6">
<attrib name="value" value="3"/></item>
<item name="P31" rev="6">
<attrib name="value" value="3"/></item>
<item name="P32" rev="6">
<attrib name="value" value="3"/></item>
<item name="P33" rev="6">
<attrib name="value" value="3"/></item>
<item name="P34" rev="6">
<attrib name="value" value="1"/></item>
<item name="P35" rev="6">
<attrib name="value" value="1"/></item>
<item name="P4" rev="6">
<attrib name="value" value="4"/></item>
<item name="P5" rev="6">
<attrib name="value" value="4"/></item>
<item name="P6" rev="6">
<attrib name="value" value="4"/></item>
<item name="P7" rev="6">
<attrib name="value" value="4"/></item>
<item name="P8" rev="6">
<attrib name="value" value="4"/></item>
<item name="P9" rev="6">
<attrib name="value" value="4"/></item>
</group>
<group name="SLICEL_CYMUXF">
<item name="0" rev="6">
<attrib name="value" value="256"/></item>
<item name="1" rev="6">
<attrib name="value" value="256"/></item>
<item name="OUT" rev="6">
<attrib name="value" value="256"/></item>
<item name="S0" rev="6">
<attrib name="value" value="256"/></item>
</group>
<group name="SLICEL_CYMUXG">
<item name="0" rev="6">
<attrib name="value" value="242"/></item>
<item name="1" rev="6">
<attrib name="value" value="242"/></item>
<item name="OUT" rev="6">
<attrib name="value" value="242"/></item>
<item name="S0" rev="6">
<attrib name="value" value="242"/></item>
</group>
<group name="BUFGMUX_GCLKMUX">
<item name="I0" rev="6">
<attrib name="value" value="2"/></item>
<item name="OUT" rev="6">
<attrib name="value" value="2"/></item>
<item name="S" rev="6">
<attrib name="value" value="2"/></item>
</group>
<group name="BSCAN">
<item name="DRCK1" rev="6">
<attrib name="value" value="1"/></item>
<item name="DRCK2" rev="6">
<attrib name="value" value="1"/></item>
<item name="RESET" rev="6">
<attrib name="value" value="1"/></item>
<item name="SEL1" rev="6">
<attrib name="value" value="1"/></item>
<item name="SEL2" rev="6">
<attrib name="value" value="1"/></item>
<item name="SHIFT" rev="6">
<attrib name="value" value="1"/></item>
<item name="TDI" rev="6">
<attrib name="value" value="1"/></item>
<item name="TDO1" rev="6">
<attrib name="value" value="1"/></item>
<item name="TDO2" rev="6">
<attrib name="value" value="1"/></item>
</group>
<group name="BSCAN_BSCAN_BLACKBOX">
<item name="DRCK1" rev="6">
<attrib name="value" value="1"/></item>
<item name="DRCK2" rev="6">
<attrib name="value" value="1"/></item>
<item name="RESET" rev="6">
<attrib name="value" value="1"/></item>
<item name="SEL1" rev="6">
<attrib name="value" value="1"/></item>
<item name="SEL2" rev="6">
<attrib name="value" value="1"/></item>
<item name="SHIFT" rev="6">
<attrib name="value" value="1"/></item>
<item name="TDI" rev="6">
<attrib name="value" value="1"/></item>
<item name="TDO1" rev="6">
<attrib name="value" value="1"/></item>
<item name="TDO2" rev="6">
<attrib name="value" value="1"/></item>
</group>
<group name="SLICEL_C1VDD">
<item name="1" rev="6">
<attrib name="value" value="30"/></item>
</group>
<group name="IOB_IFF1">
<item name="CK" rev="6">
<attrib name="value" value="57"/></item>
<item name="D" rev="6">
<attrib name="value" value="57"/></item>
<item name="Q" rev="6">
<attrib name="value" value="57"/></item>
</group>
<group name="IOB_TFF1">
<item name="CE" rev="6">
<attrib name="value" value="19"/></item>
<item name="CK" rev="6">
<attrib name="value" value="35"/></item>
<item name="D" rev="6">
<attrib name="value" value="35"/></item>
<item name="Q" rev="6">
<attrib name="value" value="35"/></item>
<item name="SR" rev="6">
<attrib name="value" value="34"/></item>
</group>
<group name="MULT18X18">
<item name="A0" rev="6">
<attrib name="value" value="4"/></item>
<item name="A1" rev="6">
<attrib name="value" value="4"/></item>
<item name="A10" rev="6">
<attrib name="value" value="4"/></item>
<item name="A11" rev="6">
<attrib name="value" value="4"/></item>
<item name="A12" rev="6">
<attrib name="value" value="4"/></item>
<item name="A13" rev="6">
<attrib name="value" value="4"/></item>
<item name="A14" rev="6">
<attrib name="value" value="4"/></item>
<item name="A15" rev="6">
<attrib name="value" value="4"/></item>
<item name="A16" rev="6">
<attrib name="value" value="4"/></item>
<item name="A17" rev="6">
<attrib name="value" value="4"/></item>
<item name="A2" rev="6">
<attrib name="value" value="4"/></item>
<item name="A3" rev="6">
<attrib name="value" value="4"/></item>
<item name="A4" rev="6">
<attrib name="value" value="4"/></item>
<item name="A5" rev="6">
<attrib name="value" value="4"/></item>
<item name="A6" rev="6">
<attrib name="value" value="4"/></item>
<item name="A7" rev="6">
<attrib name="value" value="4"/></item>
<item name="A8" rev="6">
<attrib name="value" value="4"/></item>
<item name="A9" rev="6">
<attrib name="value" value="4"/></item>
<item name="B0" rev="6">
<attrib name="value" value="4"/></item>
<item name="B1" rev="6">
<attrib name="value" value="4"/></item>
<item name="B10" rev="6">
<attrib name="value" value="4"/></item>
<item name="B11" rev="6">
<attrib name="value" value="4"/></item>
<item name="B12" rev="6">
<attrib name="value" value="4"/></item>
<item name="B13" rev="6">
<attrib name="value" value="4"/></item>
<item name="B14" rev="6">
<attrib name="value" value="4"/></item>
<item name="B15" rev="6">
<attrib name="value" value="4"/></item>
<item name="B16" rev="6">
<attrib name="value" value="4"/></item>
<item name="B17" rev="6">
<attrib name="value" value="4"/></item>
<item name="B2" rev="6">
<attrib name="value" value="4"/></item>
<item name="B3" rev="6">
<attrib name="value" value="4"/></item>
<item name="B4" rev="6">
<attrib name="value" value="4"/></item>
<item name="B5" rev="6">
<attrib name="value" value="4"/></item>
<item name="B6" rev="6">
<attrib name="value" value="4"/></item>
<item name="B7" rev="6">
<attrib name="value" value="4"/></item>
<item name="B8" rev="6">
<attrib name="value" value="4"/></item>
<item name="B9" rev="6">
<attrib name="value" value="4"/></item>
<item name="P0" rev="6">
<attrib name="value" value="4"/></item>
<item name="P1" rev="6">
<attrib name="value" value="4"/></item>
<item name="P10" rev="6">
<attrib name="value" value="4"/></item>
<item name="P11" rev="6">
<attrib name="value" value="4"/></item>
<item name="P12" rev="6">
<attrib name="value" value="4"/></item>
<item name="P13" rev="6">
<attrib name="value" value="4"/></item>
<item name="P14" rev="6">
<attrib name="value" value="4"/></item>
<item name="P15" rev="6">
<attrib name="value" value="4"/></item>
<item name="P16" rev="6">
<attrib name="value" value="4"/></item>
<item name="P17" rev="6">
<attrib name="value" value="4"/></item>
<item name="P18" rev="6">
<attrib name="value" value="4"/></item>
<item name="P19" rev="6">
<attrib name="value" value="4"/></item>
<item name="P2" rev="6">
<attrib name="value" value="4"/></item>
<item name="P20" rev="6">
<attrib name="value" value="4"/></item>
<item name="P21" rev="6">
<attrib name="value" value="4"/></item>
<item name="P22" rev="6">
<attrib name="value" value="4"/></item>
<item name="P23" rev="6">
<attrib name="value" value="4"/></item>
<item name="P24" rev="6">
<attrib name="value" value="4"/></item>
<item name="P25" rev="6">
<attrib name="value" value="4"/></item>
<item name="P26" rev="6">
<attrib name="value" value="4"/></item>
<item name="P27" rev="6">
<attrib name="value" value="4"/></item>
<item name="P28" rev="6">
<attrib name="value" value="4"/></item>
<item name="P29" rev="6">
<attrib name="value" value="4"/></item>
<item name="P3" rev="6">
<attrib name="value" value="4"/></item>
<item name="P30" rev="6">
<attrib name="value" value="3"/></item>
<item name="P31" rev="6">
<attrib name="value" value="3"/></item>
<item name="P32" rev="6">
<attrib name="value" value="3"/></item>
<item name="P33" rev="6">
<attrib name="value" value="3"/></item>
<item name="P34" rev="6">
<attrib name="value" value="1"/></item>
<item name="P35" rev="6">
<attrib name="value" value="1"/></item>
<item name="P4" rev="6">
<attrib name="value" value="4"/></item>
<item name="P5" rev="6">
<attrib name="value" value="4"/></item>
<item name="P6" rev="6">
<attrib name="value" value="4"/></item>
<item name="P7" rev="6">
<attrib name="value" value="4"/></item>
<item name="P8" rev="6">
<attrib name="value" value="4"/></item>
<item name="P9" rev="6">
<attrib name="value" value="4"/></item>
</group>
<group name="IOB_INBUF">
<item name="IN" rev="6">
<attrib name="value" value="128"/></item>
<item name="OUT" rev="6">
<attrib name="value" value="128"/></item>
</group>
<group name="SLICEL_FFX">
<item name="CE" rev="6">
<attrib name="value" value="1310"/></item>
<item name="CK" rev="6">
<attrib name="value" value="1684"/></item>
<item name="D" rev="6">
<attrib name="value" value="1684"/></item>
<item name="Q" rev="6">
<attrib name="value" value="1684"/></item>
<item name="REV" rev="6">
<attrib name="value" value="6"/></item>
<item name="SR" rev="6">
<attrib name="value" value="304"/></item>
</group>
<group name="SLICEL_XORF">
<item name="0" rev="6">
<attrib name="value" value="178"/></item>
<item name="1" rev="6">
<attrib name="value" value="178"/></item>
<item name="O" rev="6">
<attrib name="value" value="178"/></item>
</group>
<group name="SLICEL_FFY">
<item name="CE" rev="6">
<attrib name="value" value="788"/></item>
<item name="CK" rev="6">
<attrib name="value" value="1262"/></item>
<item name="D" rev="6">
<attrib name="value" value="1262"/></item>
<item name="Q" rev="6">
<attrib name="value" value="1262"/></item>
<item name="REV" rev="6">
<attrib name="value" value="27"/></item>
<item name="SR" rev="6">
<attrib name="value" value="603"/></item>
</group>
<group name="SLICEL_XORG">
<item name="0" rev="6">
<attrib name="value" value="174"/></item>
<item name="1" rev="6">
<attrib name="value" value="174"/></item>
<item name="O" rev="6">
<attrib name="value" value="174"/></item>
</group>
<group name="SLICEL_GAND">
<item name="0" rev="6">
<attrib name="value" value="14"/></item>
<item name="1" rev="6">
<attrib name="value" value="14"/></item>
<item name="O" rev="6">
<attrib name="value" value="14"/></item>
</group>
<group name="SLICEM_F6MUX">
<item name="0" rev="6">
<attrib name="value" value="62"/></item>
<item name="1" rev="6">
<attrib name="value" value="60"/></item>
<item name="OUT" rev="6">
<attrib name="value" value="62"/></item>
<item name="S0" rev="6">
<attrib name="value" value="62"/></item>
</group>
<group name="RAMB16_RAMB16A">
<item name="ADDRA" rev="6">
<attrib name="value" value="13"/></item>
<item name="ADDRA10" rev="6">
<attrib name="value" value="13"/></item>
<item name="ADDRA11" rev="6">
<attrib name="value" value="13"/></item>
<item name="ADDRA12" rev="6">
<attrib name="value" value="13"/></item>
<item name="ADDRA13" rev="6">
<attrib name="value" value="13"/></item>
<item name="ADDRA4" rev="6">
<attrib name="value" value="6"/></item>
<item name="ADDRA5" rev="6">
<attrib name="value" value="13"/></item>
<item name="ADDRA6" rev="6">
<attrib name="value" value="13"/></item>
<item name="ADDRA7" rev="6">
<attrib name="value" value="13"/></item>
<item name="ADDRA8" rev="6">
<attrib name="value" value="13"/></item>
<item name="ADDRA9" rev="6">
<attrib name="value" value="13"/></item>
<item name="CLKA" rev="6">
<attrib name="value" value="13"/></item>
<item name="DIA" rev="6">
<attrib name="value" value="13"/></item>
<item name="DIA0" rev="6">
<attrib name="value" value="13"/></item>
<item name="DIA1" rev="6">
<attrib name="value" value="13"/></item>
<item name="DIA10" rev="6">
<attrib name="value" value="13"/></item>
<item name="DIA11" rev="6">
<attrib name="value" value="13"/></item>
<item name="DIA12" rev="6">
<attrib name="value" value="13"/></item>
<item name="DIA13" rev="6">
<attrib name="value" value="13"/></item>
<item name="DIA14" rev="6">
<attrib name="value" value="13"/></item>
<item name="DIA15" rev="6">
<attrib name="value" value="13"/></item>
<item name="DIA16" rev="6">
<attrib name="value" value="7"/></item>
<item name="DIA17" rev="6">
<attrib name="value" value="7"/></item>
<item name="DIA18" rev="6">
<attrib name="value" value="7"/></item>
<item name="DIA19" rev="6">
<attrib name="value" value="7"/></item>
<item name="DIA2" rev="6">
<attrib name="value" value="13"/></item>
<item name="DIA20" rev="6">
<attrib name="value" value="7"/></item>
<item name="DIA21" rev="6">
<attrib name="value" value="7"/></item>
<item name="DIA22" rev="6">
<attrib name="value" value="7"/></item>
<item name="DIA23" rev="6">
<attrib name="value" value="7"/></item>
<item name="DIA24" rev="6">
<attrib name="value" value="7"/></item>
<item name="DIA25" rev="6">
<attrib name="value" value="7"/></item>
<item name="DIA26" rev="6">
<attrib name="value" value="7"/></item>
<item name="DIA27" rev="6">
<attrib name="value" value="7"/></item>
<item name="DIA28" rev="6">
<attrib name="value" value="7"/></item>
<item name="DIA29" rev="6">
<attrib name="value" value="7"/></item>
<item name="DIA3" rev="6">
<attrib name="value" value="13"/></item>
<item name="DIA30" rev="6">
<attrib name="value" value="7"/></item>
<item name="DIA31" rev="6">
<attrib name="value" value="7"/></item>
<item name="DIA4" rev="6">
<attrib name="value" value="13"/></item>
<item name="DIA5" rev="6">
<attrib name="value" value="13"/></item>
<item name="DIA6" rev="6">
<attrib name="value" value="13"/></item>
<item name="DIA7" rev="6">
<attrib name="value" value="13"/></item>
<item name="DIA8" rev="6">
<attrib name="value" value="13"/></item>
<item name="DIA9" rev="6">
<attrib name="value" value="13"/></item>
<item name="DIPA0" rev="6">
<attrib name="value" value="13"/></item>
<item name="DIPA1" rev="6">
<attrib name="value" value="13"/></item>
<item name="DIPA2" rev="6">
<attrib name="value" value="7"/></item>
<item name="DIPA3" rev="6">
<attrib name="value" value="7"/></item>
<item name="DOA" rev="6">
<attrib name="value" value="13"/></item>
<item name="DOA0" rev="6">
<attrib name="value" value="9"/></item>
<item name="DOA1" rev="6">
<attrib name="value" value="9"/></item>
<item name="DOA10" rev="6">
<attrib name="value" value="9"/></item>
<item name="DOA11" rev="6">
<attrib name="value" value="9"/></item>
<item name="DOA12" rev="6">
<attrib name="value" value="9"/></item>
<item name="DOA13" rev="6">
<attrib name="value" value="9"/></item>
<item name="DOA14" rev="6">
<attrib name="value" value="6"/></item>
<item name="DOA15" rev="6">
<attrib name="value" value="6"/></item>
<item name="DOA16" rev="6">
<attrib name="value" value="3"/></item>
<item name="DOA17" rev="6">
<attrib name="value" value="3"/></item>
<item name="DOA18" rev="6">
<attrib name="value" value="3"/></item>
<item name="DOA19" rev="6">
<attrib name="value" value="3"/></item>
<item name="DOA2" rev="6">
<attrib name="value" value="9"/></item>
<item name="DOA20" rev="6">
<attrib name="value" value="3"/></item>
<item name="DOA21" rev="6">
<attrib name="value" value="3"/></item>
<item name="DOA22" rev="6">
<attrib name="value" value="3"/></item>
<item name="DOA23" rev="6">
<attrib name="value" value="3"/></item>
<item name="DOA24" rev="6">
<attrib name="value" value="2"/></item>
<item name="DOA25" rev="6">
<attrib name="value" value="2"/></item>
<item name="DOA26" rev="6">
<attrib name="value" value="2"/></item>
<item name="DOA27" rev="6">
<attrib name="value" value="2"/></item>
<item name="DOA28" rev="6">
<attrib name="value" value="2"/></item>
<item name="DOA29" rev="6">
<attrib name="value" value="2"/></item>
<item name="DOA3" rev="6">
<attrib name="value" value="9"/></item>
<item name="DOA30" rev="6">
<attrib name="value" value="2"/></item>
<item name="DOA31" rev="6">
<attrib name="value" value="2"/></item>
<item name="DOA4" rev="6">
<attrib name="value" value="9"/></item>
<item name="DOA5" rev="6">
<attrib name="value" value="9"/></item>
<item name="DOA6" rev="6">
<attrib name="value" value="9"/></item>
<item name="DOA7" rev="6">
<attrib name="value" value="9"/></item>
<item name="DOA8" rev="6">
<attrib name="value" value="9"/></item>
<item name="DOA9" rev="6">
<attrib name="value" value="9"/></item>
<item name="DOPA0" rev="6">
<attrib name="value" value="3"/></item>
<item name="DOPA1" rev="6">
<attrib name="value" value="3"/></item>
<item name="ENA" rev="6">
<attrib name="value" value="13"/></item>
<item name="SSRA" rev="6">
<attrib name="value" value="13"/></item>
<item name="WEA" rev="6">
<attrib name="value" value="13"/></item>
</group>
<group name="SLICEL_F6MUX">
<item name="0" rev="6">
<attrib name="value" value="40"/></item>
<item name="1" rev="6">
<attrib name="value" value="26"/></item>
<item name="OUT" rev="6">
<attrib name="value" value="40"/></item>
<item name="S0" rev="6">
<attrib name="value" value="40"/></item>
</group>
<group name="RAMB16_RAMB16B">
<item name="ADDRB" rev="6">
<attrib name="value" value="7"/></item>
<item name="ADDRB10" rev="6">
<attrib name="value" value="7"/></item>
<item name="ADDRB11" rev="6">
<attrib name="value" value="7"/></item>
<item name="ADDRB12" rev="6">
<attrib name="value" value="7"/></item>
<item name="ADDRB13" rev="6">
<attrib name="value" value="7"/></item>
<item name="ADDRB5" rev="6">
<attrib name="value" value="7"/></item>
<item name="ADDRB6" rev="6">
<attrib name="value" value="7"/></item>
<item name="ADDRB7" rev="6">
<attrib name="value" value="7"/></item>
<item name="ADDRB8" rev="6">
<attrib name="value" value="7"/></item>
<item name="ADDRB9" rev="6">
<attrib name="value" value="7"/></item>
<item name="CLKB" rev="6">
<attrib name="value" value="7"/></item>
<item name="DIB" rev="6">
<attrib name="value" value="7"/></item>
<item name="DIB0" rev="6">
<attrib name="value" value="7"/></item>
<item name="DIB1" rev="6">
<attrib name="value" value="7"/></item>
<item name="DIB10" rev="6">
<attrib name="value" value="7"/></item>
<item name="DIB11" rev="6">
<attrib name="value" value="7"/></item>
<item name="DIB12" rev="6">
<attrib name="value" value="7"/></item>
<item name="DIB13" rev="6">
<attrib name="value" value="7"/></item>
<item name="DIB14" rev="6">
<attrib name="value" value="7"/></item>
<item name="DIB15" rev="6">
<attrib name="value" value="7"/></item>
<item name="DIB16" rev="6">
<attrib name="value" value="7"/></item>
<item name="DIB17" rev="6">
<attrib name="value" value="7"/></item>
<item name="DIB18" rev="6">
<attrib name="value" value="7"/></item>
<item name="DIB19" rev="6">
<attrib name="value" value="7"/></item>
<item name="DIB2" rev="6">
<attrib name="value" value="7"/></item>
<item name="DIB20" rev="6">
<attrib name="value" value="7"/></item>
<item name="DIB21" rev="6">
<attrib name="value" value="7"/></item>
<item name="DIB22" rev="6">
<attrib name="value" value="7"/></item>
<item name="DIB23" rev="6">
<attrib name="value" value="7"/></item>
<item name="DIB24" rev="6">
<attrib name="value" value="7"/></item>
<item name="DIB25" rev="6">
<attrib name="value" value="7"/></item>
<item name="DIB26" rev="6">
<attrib name="value" value="7"/></item>
<item name="DIB27" rev="6">
<attrib name="value" value="7"/></item>
<item name="DIB28" rev="6">
<attrib name="value" value="7"/></item>
<item name="DIB29" rev="6">
<attrib name="value" value="7"/></item>
<item name="DIB3" rev="6">
<attrib name="value" value="7"/></item>
<item name="DIB30" rev="6">
<attrib name="value" value="7"/></item>
<item name="DIB31" rev="6">
<attrib name="value" value="7"/></item>
<item name="DIB4" rev="6">
<attrib name="value" value="7"/></item>
<item name="DIB5" rev="6">
<attrib name="value" value="7"/></item>
<item name="DIB6" rev="6">
<attrib name="value" value="7"/></item>
<item name="DIB7" rev="6">
<attrib name="value" value="7"/></item>
<item name="DIB8" rev="6">
<attrib name="value" value="7"/></item>
<item name="DIB9" rev="6">
<attrib name="value" value="7"/></item>
<item name="DIPB0" rev="6">
<attrib name="value" value="7"/></item>
<item name="DIPB1" rev="6">
<attrib name="value" value="7"/></item>
<item name="DIPB2" rev="6">
<attrib name="value" value="7"/></item>
<item name="DIPB3" rev="6">
<attrib name="value" value="7"/></item>
<item name="DOB" rev="6">
<attrib name="value" value="7"/></item>
<item name="DOB0" rev="6">
<attrib name="value" value="6"/></item>
<item name="DOB1" rev="6">
<attrib name="value" value="6"/></item>
<item name="DOB10" rev="6">
<attrib name="value" value="7"/></item>
<item name="DOB11" rev="6">
<attrib name="value" value="7"/></item>
<item name="DOB12" rev="6">
<attrib name="value" value="7"/></item>
<item name="DOB13" rev="6">
<attrib name="value" value="7"/></item>
<item name="DOB14" rev="6">
<attrib name="value" value="7"/></item>
<item name="DOB15" rev="6">
<attrib name="value" value="7"/></item>
<item name="DOB16" rev="6">
<attrib name="value" value="7"/></item>
<item name="DOB17" rev="6">
<attrib name="value" value="7"/></item>
<item name="DOB18" rev="6">
<attrib name="value" value="7"/></item>
<item name="DOB19" rev="6">
<attrib name="value" value="7"/></item>
<item name="DOB2" rev="6">
<attrib name="value" value="6"/></item>
<item name="DOB20" rev="6">
<attrib name="value" value="7"/></item>
<item name="DOB21" rev="6">
<attrib name="value" value="7"/></item>
<item name="DOB22" rev="6">
<attrib name="value" value="7"/></item>
<item name="DOB23" rev="6">
<attrib name="value" value="7"/></item>
<item name="DOB24" rev="6">
<attrib name="value" value="6"/></item>
<item name="DOB25" rev="6">
<attrib name="value" value="6"/></item>
<item name="DOB26" rev="6">
<attrib name="value" value="6"/></item>
<item name="DOB27" rev="6">
<attrib name="value" value="6"/></item>
<item name="DOB28" rev="6">
<attrib name="value" value="4"/></item>
<item name="DOB29" rev="6">
<attrib name="value" value="4"/></item>
<item name="DOB3" rev="6">
<attrib name="value" value="6"/></item>
<item name="DOB30" rev="6">
<attrib name="value" value="4"/></item>
<item name="DOB31" rev="6">
<attrib name="value" value="4"/></item>
<item name="DOB4" rev="6">
<attrib name="value" value="7"/></item>
<item name="DOB5" rev="6">
<attrib name="value" value="7"/></item>
<item name="DOB6" rev="6">
<attrib name="value" value="7"/></item>
<item name="DOB7" rev="6">
<attrib name="value" value="7"/></item>
<item name="DOB8" rev="6">
<attrib name="value" value="7"/></item>
<item name="DOB9" rev="6">
<attrib name="value" value="7"/></item>
<item name="ENB" rev="6">
<attrib name="value" value="7"/></item>
<item name="SSRB" rev="6">
<attrib name="value" value="7"/></item>
<item name="WEB" rev="6">
<attrib name="value" value="7"/></item>
</group>
<group name="SLICEM_FFX">
<item name="CE" rev="6">
<attrib name="value" value="23"/></item>
<item name="CK" rev="6">
<attrib name="value" value="24"/></item>
<item name="D" rev="6">
<attrib name="value" value="24"/></item>
<item name="Q" rev="6">
<attrib name="value" value="24"/></item>
</group>
<group name="SLICEM_FFY">
<item name="CE" rev="6">
<attrib name="value" value="24"/></item>
<item name="CK" rev="6">
<attrib name="value" value="27"/></item>
<item name="D" rev="6">
<attrib name="value" value="27"/></item>
<item name="Q" rev="6">
<attrib name="value" value="27"/></item>
</group>
<group name="IOB_PAD">
<item name="PAD" rev="6">
<attrib name="value" value="257"/></item>
</group>
<group name="IOB">
<item name="I" rev="6">
<attrib name="value" value="71"/></item>
<item name="ICLK1" rev="6">
<attrib name="value" value="57"/></item>
<item name="IQ1" rev="6">
<attrib name="value" value="57"/></item>
<item name="O1" rev="6">
<attrib name="value" value="179"/></item>
<item name="OCE" rev="6">
<attrib name="value" value="19"/></item>
<item name="OTCLK1" rev="6">
<attrib name="value" value="108"/></item>
<item name="PAD" rev="6">
<attrib name="value" value="257"/></item>
<item name="SR" rev="6">
<attrib name="value" value="96"/></item>
<item name="T1" rev="6">
<attrib name="value" value="51"/></item>
<item name="TCE" rev="6">
<attrib name="value" value="19"/></item>
</group>
<group name="DCM_DCM">
<item name="CLK0" rev="6">
<attrib name="value" value="1"/></item>
<item name="CLK2X" rev="6">
<attrib name="value" value="1"/></item>
<item name="CLKFB" rev="6">
<attrib name="value" value="2"/></item>
<item name="CLKFX" rev="6">
<attrib name="value" value="1"/></item>
<item name="CLKIN" rev="6">
<attrib name="value" value="2"/></item>
<item name="LOCKED" rev="6">
<attrib name="value" value="2"/></item>
<item name="PSCLK" rev="6">
<attrib name="value" value="2"/></item>
<item name="PSEN" rev="6">
<attrib name="value" value="2"/></item>
<item name="PSINCDEC" rev="6">
<attrib name="value" value="2"/></item>
<item name="RST" rev="6">
<attrib name="value" value="2"/></item>
</group>
<group name="BUFGMUX">
<item name="I0" rev="6">
<attrib name="value" value="2"/></item>
<item name="O" rev="6">
<attrib name="value" value="2"/></item>
<item name="S" rev="6">
<attrib name="value" value="2"/></item>
</group>
<group name="SLICEL_FAND">
<item name="0" rev="6">
<attrib name="value" value="14"/></item>
<item name="1" rev="6">
<attrib name="value" value="14"/></item>
<item name="O" rev="6">
<attrib name="value" value="14"/></item>
</group>
<group name="SLICEM_F5MUX">
<item name="F" rev="6">
<attrib name="value" value="44"/></item>
<item name="G" rev="6">
<attrib name="value" value="60"/></item>
<item name="OUT" rev="6">
<attrib name="value" value="60"/></item>
<item name="S0" rev="6">
<attrib name="value" value="60"/></item>
</group>
<group name="SLICEL_C2VDD">
<item name="1" rev="6">
<attrib name="value" value="27"/></item>
</group>
<group name="DCM">
<item name="CLK0" rev="6">
<attrib name="value" value="1"/></item>
<item name="CLK2X" rev="6">
<attrib name="value" value="1"/></item>
<item name="CLKFB" rev="6">
<attrib name="value" value="2"/></item>
<item name="CLKFX" rev="6">
<attrib name="value" value="1"/></item>
<item name="CLKIN" rev="6">
<attrib name="value" value="2"/></item>
<item name="LOCKED" rev="6">
<attrib name="value" value="2"/></item>
<item name="PSCLK" rev="6">
<attrib name="value" value="2"/></item>
<item name="PSEN" rev="6">
<attrib name="value" value="2"/></item>
<item name="PSINCDEC" rev="6">
<attrib name="value" value="2"/></item>
<item name="RST" rev="6">
<attrib name="value" value="2"/></item>
</group>
<group name="BUFGMUX_GCLK_BUFFER">
<item name="IN" rev="6">
<attrib name="value" value="2"/></item>
<item name="OUT" rev="6">
<attrib name="value" value="2"/></item>
</group>
<group name="SLICEL_F">
<item name="A1" rev="6">
<attrib name="value" value="5425"/></item>
<item name="A2" rev="6">
<attrib name="value" value="5362"/></item>
<item name="A3" rev="6">
<attrib name="value" value="4977"/></item>
<item name="A4" rev="6">
<attrib name="value" value="3704"/></item>
<item name="D" rev="6">
<attrib name="value" value="5460"/></item>
</group>
<group name="SLICEL_F5MUX">
<item name="F" rev="6">
<attrib name="value" value="894"/></item>
<item name="G" rev="6">
<attrib name="value" value="915"/></item>
<item name="OUT" rev="6">
<attrib name="value" value="915"/></item>
<item name="S0" rev="6">
<attrib name="value" value="915"/></item>
</group>
<group name="SLICEL_G">
<item name="A1" rev="6">
<attrib name="value" value="5564"/></item>
<item name="A2" rev="6">
<attrib name="value" value="5507"/></item>
<item name="A3" rev="6">
<attrib name="value" value="4984"/></item>
<item name="A4" rev="6">
<attrib name="value" value="3713"/></item>
<item name="D" rev="6">
<attrib name="value" value="5608"/></item>
</group>
<group name="SLICEL_GNDF">
<item name="0" rev="6">
<attrib name="value" value="109"/></item>
</group>
<group name="SLICEL_GNDG">
<item name="0" rev="6">
<attrib name="value" value="100"/></item>
</group>
</ReportPinData>
<CmdHistory>
</CmdHistory>
</DeviceUsageSummary>
